{"Model": "optical_flow", "L1 loss": 0.07272706382496096, "NCC": 0.7421688051924058, "SSIM": 0.6641966351841921, "_timestamp": 1675568671.2385962, "_runtime": 7.217935085296631, "_step": 0, "_wandb": {"runtime": 23}}